USE oa_management;
SET NAMES utf8mb4;

-- Seed script generated for local OA demo data.
-- 每张业务表至少补充 20 条记录；sys_file 包含 20 张新闻封面和 4 个审批附件。
-- 资源文件已下载到：E:/code/OA_SYSTEM/backend/upload/2026/06

START TRANSACTION;

UPDATE oa_news
SET cover_image = '/files/2026/06/seed-cover-01.jpg'
WHERE id = 1
  AND (cover_image IS NULL OR cover_image = '');

INSERT IGNORE INTO sys_department
(id, name, parent_id, leader_id, approver_id, sort_order, status)
VALUES
(101, '总裁办', 1, 101, 1, 10, 1),
(102, '人力资源部', 1, 102, 106, 11, 1),
(103, '财务部', 1, 103, 107, 12, 1),
(104, '行政部', 1, 104, 1, 13, 1),
(105, '研发一部', 101, 105, 109, 14, 1),
(106, '研发二部', 102, 106, 110, 15, 1),
(107, '产品部', 103, 107, 1, 16, 1),
(108, '设计部', 104, 108, 112, 17, 1),
(109, '测试部', 101, 109, 113, 18, 1),
(110, '运维部', 102, 110, 1, 19, 1),
(111, '市场部', 103, 111, 115, 20, 1),
(112, '销售一部', 104, 112, 116, 21, 1),
(113, '销售二部', 101, 113, 1, 22, 1),
(114, '客户成功部', 102, 114, 118, 23, 1),
(115, '法务合规部', 103, 115, 119, 24, 1),
(116, '采购部', 104, 116, 1, 25, 1),
(117, '数据平台部', 101, 117, 101, 26, 1),
(118, '信息安全部', 102, 118, 102, 27, 1),
(119, '培训发展部', 103, 119, 1, 28, 1),
(120, '区域运营部', 104, 120, 104, 29, 1);

INSERT IGNORE INTO sys_user
(id, username, password, real_name, gender, phone, email, avatar, role, status, department_id, position, hire_date, is_approver)
VALUES
(101, 'oa_user_01', '$2b$12$CI8fqtXuxI/sh09DaG.hQeGlb/Mb9dX2vSZ.ooVBnav/8Bd9hL6o2', '林清远', 2, '13900000001', 'oa.user01@example.com', '/default-avatar.png', 'ADMIN', 1, 101, '综合管理员', '2025-01-01', 1),
(102, 'oa_user_02', '$2b$12$CI8fqtXuxI/sh09DaG.hQeGlb/Mb9dX2vSZ.ooVBnav/8Bd9hL6o2', '周明悦', 1, '13900000002', 'oa.user02@example.com', '/default-avatar.png', 'EMPLOYEE', 1, 102, 'HR 专员', '2025-02-01', 0),
(103, 'oa_user_03', '$2b$12$CI8fqtXuxI/sh09DaG.hQeGlb/Mb9dX2vSZ.ooVBnav/8Bd9hL6o2', '陈嘉禾', 1, '13900000003', 'oa.user03@example.com', '/default-avatar.png', 'EMPLOYEE', 1, 103, '费用会计', '2025-03-01', 0),
(104, 'oa_user_04', '$2b$12$CI8fqtXuxI/sh09DaG.hQeGlb/Mb9dX2vSZ.ooVBnav/8Bd9hL6o2', '李若溪', 2, '13900000004', 'oa.user04@example.com', '/default-avatar.png', 'EMPLOYEE', 1, 104, '行政主管', '2025-04-01', 0),
(105, 'oa_user_05', '$2b$12$CI8fqtXuxI/sh09DaG.hQeGlb/Mb9dX2vSZ.ooVBnav/8Bd9hL6o2', '赵启航', 1, '13900000005', 'oa.user05@example.com', '/default-avatar.png', 'EMPLOYEE', 1, 105, '后端工程师', '2025-05-01', 0),
(106, 'oa_user_06', '$2b$12$CI8fqtXuxI/sh09DaG.hQeGlb/Mb9dX2vSZ.ooVBnav/8Bd9hL6o2', '王书宁', 1, '13900000006', 'oa.user06@example.com', '/default-avatar.png', 'EMPLOYEE', 1, 106, '前端工程师', '2025-06-01', 1),
(107, 'oa_user_07', '$2b$12$CI8fqtXuxI/sh09DaG.hQeGlb/Mb9dX2vSZ.ooVBnav/8Bd9hL6o2', '孙亦辰', 2, '13900000007', 'oa.user07@example.com', '/default-avatar.png', 'EMPLOYEE', 1, 107, '产品经理', '2025-07-01', 0),
(108, 'oa_user_08', '$2b$12$CI8fqtXuxI/sh09DaG.hQeGlb/Mb9dX2vSZ.ooVBnav/8Bd9hL6o2', '吴安然', 1, '13900000008', 'oa.user08@example.com', '/default-avatar.png', 'EMPLOYEE', 1, 108, 'UI 设计师', '2025-08-01', 0),
(109, 'oa_user_09', '$2b$12$CI8fqtXuxI/sh09DaG.hQeGlb/Mb9dX2vSZ.ooVBnav/8Bd9hL6o2', '郑晓峰', 1, '13900000009', 'oa.user09@example.com', '/default-avatar.png', 'EMPLOYEE', 1, 109, '测试工程师', '2025-09-01', 0),
(110, 'oa_user_10', '$2b$12$CI8fqtXuxI/sh09DaG.hQeGlb/Mb9dX2vSZ.ooVBnav/8Bd9hL6o2', '钱思源', 2, '13900000010', 'oa.user10@example.com', '/default-avatar.png', 'EMPLOYEE', 1, 110, '运维工程师', '2025-10-01', 0),
(111, 'oa_user_11', '$2b$12$CI8fqtXuxI/sh09DaG.hQeGlb/Mb9dX2vSZ.ooVBnav/8Bd9hL6o2', '冯雨晴', 1, '13900000011', 'oa.user11@example.com', '/default-avatar.png', 'EMPLOYEE', 1, 111, '市场策划', '2025-11-01', 1),
(112, 'oa_user_12', '$2b$12$CI8fqtXuxI/sh09DaG.hQeGlb/Mb9dX2vSZ.ooVBnav/8Bd9hL6o2', '韩泽宇', 1, '13900000012', 'oa.user12@example.com', '/default-avatar.png', 'EMPLOYEE', 1, 112, '销售经理', '2025-12-01', 0),
(113, 'oa_user_13', '$2b$12$CI8fqtXuxI/sh09DaG.hQeGlb/Mb9dX2vSZ.ooVBnav/8Bd9hL6o2', '何沐阳', 2, '13900000013', 'oa.user13@example.com', '/default-avatar.png', 'EMPLOYEE', 1, 113, '渠道经理', '2025-01-01', 0),
(114, 'oa_user_14', '$2b$12$CI8fqtXuxI/sh09DaG.hQeGlb/Mb9dX2vSZ.ooVBnav/8Bd9hL6o2', '朱可欣', 1, '13900000014', 'oa.user14@example.com', '/default-avatar.png', 'EMPLOYEE', 1, 114, '客户成功顾问', '2025-02-01', 0),
(115, 'oa_user_15', '$2b$12$CI8fqtXuxI/sh09DaG.hQeGlb/Mb9dX2vSZ.ooVBnav/8Bd9hL6o2', '高云帆', 1, '13900000015', 'oa.user15@example.com', '/default-avatar.png', 'EMPLOYEE', 1, 115, '法务专员', '2025-03-01', 0),
(116, 'oa_user_16', '$2b$12$CI8fqtXuxI/sh09DaG.hQeGlb/Mb9dX2vSZ.ooVBnav/8Bd9hL6o2', '罗知夏', 2, '13900000016', 'oa.user16@example.com', '/default-avatar.png', 'EMPLOYEE', 1, 116, '采购经理', '2025-04-01', 1),
(117, 'oa_user_17', '$2b$12$CI8fqtXuxI/sh09DaG.hQeGlb/Mb9dX2vSZ.ooVBnav/8Bd9hL6o2', '梁景行', 1, '13900000017', 'oa.user17@example.com', '/default-avatar.png', 'EMPLOYEE', 1, 117, '数据工程师', '2025-05-01', 0),
(118, 'oa_user_18', '$2b$12$CI8fqtXuxI/sh09DaG.hQeGlb/Mb9dX2vSZ.ooVBnav/8Bd9hL6o2', '宋雅楠', 1, '13900000018', 'oa.user18@example.com', '/default-avatar.png', 'EMPLOYEE', 1, 118, '安全工程师', '2025-06-01', 0),
(119, 'oa_user_19', '$2b$12$CI8fqtXuxI/sh09DaG.hQeGlb/Mb9dX2vSZ.ooVBnav/8Bd9hL6o2', '唐星河', 2, '13900000019', 'oa.user19@example.com', '/default-avatar.png', 'EMPLOYEE', 1, 119, '培训专员', '2025-07-01', 0),
(120, 'oa_user_20', '$2b$12$CI8fqtXuxI/sh09DaG.hQeGlb/Mb9dX2vSZ.ooVBnav/8Bd9hL6o2', '许亦然', 1, '13900000020', 'oa.user20@example.com', '/default-avatar.png', 'EMPLOYEE', 1, 120, '区域运营经理', '2025-08-01', 0);

INSERT IGNORE INTO oa_approval
(id, approval_no, title, type, status, applicant_id, department_id, approver_id, reason, start_time, end_time, amount, destination, form_data, ai_summary, ai_risk_level, ai_risk_suggestion, submitted_at, approved_at)
VALUES
(101, 'SP202606090001', '请假申请 - 林清远', 'LEAVE', 'PENDING', 101, 101, 1, '林清远提交的请假申请，已补充业务背景、时间范围和相关附件。', '2026-06-02 09:00:00', '2026-06-02 18:00:00', NULL, NULL, JSON_OBJECT('seedNo', 101, 'type', 'LEAVE', 'attachment', '/files/2026/06/seed-attachment-01.pdf'), 'AI 已识别该请假申请的关键要素，建议按部门规则进行审批。', 'MEDIUM', '请复核费用凭证或时间冲突。', '2026-06-01 09:15:00', NULL),
(102, 'SP202606090002', '报销申请 - 周明悦', 'REIMBURSEMENT', 'APPROVED', 102, 102, 107, '周明悦提交的报销申请，已补充业务背景、时间范围和相关附件。', '2026-06-03 09:00:00', '2026-06-03 18:00:00', 425.5, NULL, JSON_OBJECT('seedNo', 102, 'type', 'REIMBURSEMENT', 'attachment', '/files/2026/06/seed-attachment-02.pdf'), 'AI 已识别该报销申请的关键要素，建议按部门规则进行审批。', 'LOW', '资料完整，风险较低。', '2026-06-02 09:15:00', '2026-06-02 16:30:00'),
(103, 'SP202606090003', '加班申请 - 陈嘉禾', 'OVERTIME', 'APPROVED', 103, 103, 108, '陈嘉禾提交的加班申请，已补充业务背景、时间范围和相关附件。', '2026-06-04 09:00:00', '2026-06-04 18:00:00', NULL, NULL, JSON_OBJECT('seedNo', 103, 'type', 'OVERTIME', 'attachment', '/files/2026/06/seed-attachment-03.pdf'), 'AI 已识别该加班申请的关键要素，建议按部门规则进行审批。', 'LOW', '资料完整，风险较低。', '2026-06-03 09:15:00', '2026-06-03 16:30:00'),
(104, 'SP202606090004', '出差申请 - 李若溪', 'TRAVEL', 'REJECTED', 104, 104, 109, '李若溪提交的出差申请，已补充业务背景、时间范围和相关附件。', '2026-06-05 09:00:00', '2026-06-05 18:00:00', NULL, '成都', JSON_OBJECT('seedNo', 104, 'type', 'TRAVEL', 'attachment', '/files/2026/06/seed-attachment-04.pdf'), 'AI 已识别该出差申请的关键要素，建议按部门规则进行审批。', 'LOW', '资料完整，风险较低。', '2026-06-04 09:15:00', '2026-06-04 16:30:00'),
(105, 'SP202606090005', '请假申请 - 赵启航', 'LEAVE', 'WITHDRAWN', 105, 105, 1, '赵启航提交的请假申请，已补充业务背景、时间范围和相关附件。', '2026-06-06 09:00:00', '2026-06-06 18:00:00', NULL, NULL, JSON_OBJECT('seedNo', 105, 'type', 'LEAVE', 'attachment', '/files/2026/06/seed-attachment-01.pdf'), 'AI 已识别该请假申请的关键要素，建议按部门规则进行审批。', 'LOW', '资料完整，风险较低。', '2026-06-05 09:15:00', NULL),
(106, 'SP202606090006', '报销申请 - 王书宁', 'REIMBURSEMENT', 'PENDING', 106, 106, 111, '王书宁提交的报销申请，已补充业务背景、时间范围和相关附件。', '2026-06-07 09:00:00', '2026-06-07 18:00:00', 607.5, NULL, JSON_OBJECT('seedNo', 106, 'type', 'REIMBURSEMENT', 'attachment', '/files/2026/06/seed-attachment-02.pdf'), 'AI 已识别该报销申请的关键要素，建议按部门规则进行审批。', 'LOW', '资料完整，风险较低。', '2026-06-06 09:15:00', NULL),
(107, 'SP202606090007', '加班申请 - 孙亦辰', 'OVERTIME', 'APPROVED', 107, 107, 112, '孙亦辰提交的加班申请，已补充业务背景、时间范围和相关附件。', '2026-06-08 09:00:00', '2026-06-08 18:00:00', NULL, NULL, JSON_OBJECT('seedNo', 107, 'type', 'OVERTIME', 'attachment', '/files/2026/06/seed-attachment-03.pdf'), 'AI 已识别该加班申请的关键要素，建议按部门规则进行审批。', 'MEDIUM', '请复核费用凭证或时间冲突。', '2026-06-07 09:15:00', '2026-06-07 16:30:00'),
(108, 'SP202606090008', '出差申请 - 吴安然', 'TRAVEL', 'APPROVED', 108, 108, 113, '吴安然提交的出差申请，已补充业务背景、时间范围和相关附件。', '2026-06-09 09:00:00', '2026-06-09 18:00:00', NULL, '深圳', JSON_OBJECT('seedNo', 108, 'type', 'TRAVEL', 'attachment', '/files/2026/06/seed-attachment-04.pdf'), 'AI 已识别该出差申请的关键要素，建议按部门规则进行审批。', 'LOW', '资料完整，风险较低。', '2026-06-08 09:15:00', '2026-06-08 16:30:00'),
(109, 'SP202606090009', '请假申请 - 郑晓峰', 'LEAVE', 'REJECTED', 109, 109, 1, '郑晓峰提交的请假申请，已补充业务背景、时间范围和相关附件。', '2026-06-10 09:00:00', '2026-06-10 18:00:00', NULL, NULL, JSON_OBJECT('seedNo', 109, 'type', 'LEAVE', 'attachment', '/files/2026/06/seed-attachment-01.pdf'), 'AI 已识别该请假申请的关键要素，建议按部门规则进行审批。', 'LOW', '资料完整，风险较低。', '2026-06-09 09:15:00', '2026-06-09 16:30:00'),
(110, 'SP202606090010', '报销申请 - 钱思源', 'REIMBURSEMENT', 'WITHDRAWN', 110, 110, 115, '钱思源提交的报销申请，已补充业务背景、时间范围和相关附件。', '2026-06-11 09:00:00', '2026-06-11 18:00:00', 789.5, NULL, JSON_OBJECT('seedNo', 110, 'type', 'REIMBURSEMENT', 'attachment', '/files/2026/06/seed-attachment-02.pdf'), 'AI 已识别该报销申请的关键要素，建议按部门规则进行审批。', 'LOW', '资料完整，风险较低。', '2026-06-10 09:15:00', NULL),
(111, 'SP202606090011', '加班申请 - 冯雨晴', 'OVERTIME', 'PENDING', 111, 111, 116, '冯雨晴提交的加班申请，已补充业务背景、时间范围和相关附件。', '2026-06-12 09:00:00', '2026-06-12 18:00:00', NULL, NULL, JSON_OBJECT('seedNo', 111, 'type', 'OVERTIME', 'attachment', '/files/2026/06/seed-attachment-03.pdf'), 'AI 已识别该加班申请的关键要素，建议按部门规则进行审批。', 'LOW', '资料完整，风险较低。', '2026-06-11 09:15:00', NULL),
(112, 'SP202606090012', '出差申请 - 韩泽宇', 'TRAVEL', 'APPROVED', 112, 112, 117, '韩泽宇提交的出差申请，已补充业务背景、时间范围和相关附件。', '2026-06-13 09:00:00', '2026-06-13 18:00:00', NULL, '杭州', JSON_OBJECT('seedNo', 112, 'type', 'TRAVEL', 'attachment', '/files/2026/06/seed-attachment-04.pdf'), 'AI 已识别该出差申请的关键要素，建议按部门规则进行审批。', 'LOW', '资料完整，风险较低。', '2026-06-12 09:15:00', '2026-06-12 16:30:00'),
(113, 'SP202606090013', '请假申请 - 何沐阳', 'LEAVE', 'APPROVED', 113, 113, 1, '何沐阳提交的请假申请，已补充业务背景、时间范围和相关附件。', '2026-06-14 09:00:00', '2026-06-14 18:00:00', NULL, NULL, JSON_OBJECT('seedNo', 113, 'type', 'LEAVE', 'attachment', '/files/2026/06/seed-attachment-01.pdf'), 'AI 已识别该请假申请的关键要素，建议按部门规则进行审批。', 'MEDIUM', '请复核费用凭证或时间冲突。', '2026-06-13 09:15:00', '2026-06-13 16:30:00'),
(114, 'SP202606090014', '报销申请 - 朱可欣', 'REIMBURSEMENT', 'REJECTED', 114, 114, 119, '朱可欣提交的报销申请，已补充业务背景、时间范围和相关附件。', '2026-06-15 09:00:00', '2026-06-15 18:00:00', 971.5, NULL, JSON_OBJECT('seedNo', 114, 'type', 'REIMBURSEMENT', 'attachment', '/files/2026/06/seed-attachment-02.pdf'), 'AI 已识别该报销申请的关键要素，建议按部门规则进行审批。', 'LOW', '资料完整，风险较低。', '2026-06-14 09:15:00', '2026-06-14 16:30:00'),
(115, 'SP202606090015', '加班申请 - 高云帆', 'OVERTIME', 'WITHDRAWN', 115, 115, 120, '高云帆提交的加班申请，已补充业务背景、时间范围和相关附件。', '2026-06-16 09:00:00', '2026-06-16 18:00:00', NULL, NULL, JSON_OBJECT('seedNo', 115, 'type', 'OVERTIME', 'attachment', '/files/2026/06/seed-attachment-03.pdf'), 'AI 已识别该加班申请的关键要素，建议按部门规则进行审批。', 'LOW', '资料完整，风险较低。', '2026-06-15 09:15:00', NULL),
(116, 'SP202606090016', '出差申请 - 罗知夏', 'TRAVEL', 'PENDING', 116, 116, 101, '罗知夏提交的出差申请，已补充业务背景、时间范围和相关附件。', '2026-06-17 09:00:00', '2026-06-17 18:00:00', NULL, '上海', JSON_OBJECT('seedNo', 116, 'type', 'TRAVEL', 'attachment', '/files/2026/06/seed-attachment-04.pdf'), 'AI 已识别该出差申请的关键要素，建议按部门规则进行审批。', 'LOW', '资料完整，风险较低。', '2026-06-16 09:15:00', NULL),
(117, 'SP202606090017', '请假申请 - 梁景行', 'LEAVE', 'APPROVED', 117, 117, 1, '梁景行提交的请假申请，已补充业务背景、时间范围和相关附件。', '2026-06-18 09:00:00', '2026-06-18 18:00:00', NULL, NULL, JSON_OBJECT('seedNo', 117, 'type', 'LEAVE', 'attachment', '/files/2026/06/seed-attachment-01.pdf'), 'AI 已识别该请假申请的关键要素，建议按部门规则进行审批。', 'LOW', '资料完整，风险较低。', '2026-06-17 09:15:00', '2026-06-17 16:30:00'),
(118, 'SP202606090018', '报销申请 - 宋雅楠', 'REIMBURSEMENT', 'APPROVED', 118, 118, 103, '宋雅楠提交的报销申请，已补充业务背景、时间范围和相关附件。', '2026-06-19 09:00:00', '2026-06-19 18:00:00', 1153.5, NULL, JSON_OBJECT('seedNo', 118, 'type', 'REIMBURSEMENT', 'attachment', '/files/2026/06/seed-attachment-02.pdf'), 'AI 已识别该报销申请的关键要素，建议按部门规则进行审批。', 'LOW', '资料完整，风险较低。', '2026-06-18 09:15:00', '2026-06-18 16:30:00'),
(119, 'SP202606090019', '加班申请 - 唐星河', 'OVERTIME', 'REJECTED', 119, 119, 104, '唐星河提交的加班申请，已补充业务背景、时间范围和相关附件。', '2026-06-20 09:00:00', '2026-06-20 18:00:00', NULL, NULL, JSON_OBJECT('seedNo', 119, 'type', 'OVERTIME', 'attachment', '/files/2026/06/seed-attachment-03.pdf'), 'AI 已识别该加班申请的关键要素，建议按部门规则进行审批。', 'MEDIUM', '请复核费用凭证或时间冲突。', '2026-06-19 09:15:00', '2026-06-19 16:30:00'),
(120, 'SP202606090020', '出差申请 - 许亦然', 'TRAVEL', 'WITHDRAWN', 120, 120, 105, '许亦然提交的出差申请，已补充业务背景、时间范围和相关附件。', '2026-06-20 09:00:00', '2026-06-20 18:00:00', NULL, '北京', JSON_OBJECT('seedNo', 120, 'type', 'TRAVEL', 'attachment', '/files/2026/06/seed-attachment-04.pdf'), 'AI 已识别该出差申请的关键要素，建议按部门规则进行审批。', 'LOW', '资料完整，风险较低。', '2026-06-20 09:15:00', NULL);

INSERT IGNORE INTO oa_approval_record
(id, approval_id, operator_id, action, comment, created_at)
VALUES
(101, 101, 1, 'SUBMIT', '已按流程处理。', '2026-06-01 17:10:00'),
(102, 102, 107, 'APPROVE', '已按流程处理。', '2026-06-02 17:10:00'),
(103, 103, 108, 'APPROVE', '已按流程处理。', '2026-06-03 17:10:00'),
(104, 104, 109, 'REJECT', '材料说明不完整，请补充后重新提交。', '2026-06-04 17:10:00'),
(105, 105, 1, 'WITHDRAW', '已按流程处理。', '2026-06-05 17:10:00'),
(106, 106, 111, 'SUBMIT', '已按流程处理。', '2026-06-06 17:10:00'),
(107, 107, 112, 'APPROVE', '已按流程处理。', '2026-06-07 17:10:00'),
(108, 108, 113, 'APPROVE', '已按流程处理。', '2026-06-08 17:10:00'),
(109, 109, 1, 'REJECT', '材料说明不完整，请补充后重新提交。', '2026-06-09 17:10:00'),
(110, 110, 115, 'WITHDRAW', '已按流程处理。', '2026-06-10 17:10:00'),
(111, 111, 116, 'SUBMIT', '已按流程处理。', '2026-06-11 17:10:00'),
(112, 112, 117, 'APPROVE', '已按流程处理。', '2026-06-12 17:10:00'),
(113, 113, 1, 'APPROVE', '已按流程处理。', '2026-06-13 17:10:00'),
(114, 114, 119, 'REJECT', '材料说明不完整，请补充后重新提交。', '2026-06-14 17:10:00'),
(115, 115, 120, 'WITHDRAW', '已按流程处理。', '2026-06-15 17:10:00'),
(116, 116, 101, 'SUBMIT', '已按流程处理。', '2026-06-16 17:10:00'),
(117, 117, 1, 'APPROVE', '已按流程处理。', '2026-06-17 17:10:00'),
(118, 118, 103, 'APPROVE', '已按流程处理。', '2026-06-18 17:10:00'),
(119, 119, 104, 'REJECT', '材料说明不完整，请补充后重新提交。', '2026-06-19 17:10:00'),
(120, 120, 105, 'WITHDRAW', '已按流程处理。', '2026-06-20 17:10:00');

INSERT IGNORE INTO oa_schedule
(id, title, content, type, creator_id, start_time, end_time, location, reminder_minutes, reminder_time, reminder_status, status, ai_origin_text)
VALUES
(101, '总裁办周例会', '同步本周目标、风险事项和跨部门协作需求。', 'MEETING', 101, '2026-06-01 09:00:00', '2026-06-01 10:30:00', '会议室 A', 5, '2026-06-01 08:45:00', 0, 'FINISHED', '帮我安排总裁办的周例会，提前提醒。'),
(102, '周明悦重点事项跟进', '跟进个人待办、审批状态和项目交付节点。', 'PERSONAL', 102, '2026-06-02 10:00:00', '2026-06-02 11:30:00', '线上/工位', 15, '2026-06-02 09:45:00', 1, 'NORMAL', '帮我安排人力资源部的待办跟进，提前提醒。'),
(103, '陈嘉禾重点事项跟进', '跟进个人待办、审批状态和项目交付节点。', 'PERSONAL', 103, '2026-06-03 11:00:00', '2026-06-03 12:30:00', '线上/工位', 30, '2026-06-03 10:45:00', 0, 'NORMAL', '帮我安排财务部的待办跟进，提前提醒。'),
(104, '行政部周例会', '同步本周目标、风险事项和跨部门协作需求。', 'MEETING', 104, '2026-06-04 12:00:00', '2026-06-04 13:30:00', '会议室 D', 60, '2026-06-04 11:45:00', 1, 'NORMAL', '帮我安排行政部的周例会，提前提醒。'),
(105, '赵启航重点事项跟进', '跟进个人待办、审批状态和项目交付节点。', 'PERSONAL', 105, '2026-06-05 13:00:00', '2026-06-05 14:30:00', '线上/工位', 5, '2026-06-05 12:45:00', 0, 'NORMAL', '帮我安排研发一部的待办跟进，提前提醒。'),
(106, '王书宁重点事项跟进', '跟进个人待办、审批状态和项目交付节点。', 'PERSONAL', 106, '2026-06-06 14:00:00', '2026-06-06 15:30:00', '线上/工位', 15, '2026-06-06 13:45:00', 1, 'FINISHED', '帮我安排研发二部的待办跟进，提前提醒。'),
(107, '产品部周例会', '同步本周目标、风险事项和跨部门协作需求。', 'MEETING', 107, '2026-06-07 15:00:00', '2026-06-07 16:30:00', '会议室 B', 30, '2026-06-07 14:45:00', 0, 'NORMAL', '帮我安排产品部的周例会，提前提醒。'),
(108, '吴安然重点事项跟进', '跟进个人待办、审批状态和项目交付节点。', 'PERSONAL', 108, '2026-06-08 09:00:00', '2026-06-08 10:30:00', '线上/工位', 60, '2026-06-08 08:45:00', 1, 'NORMAL', '帮我安排设计部的待办跟进，提前提醒。'),
(109, '郑晓峰重点事项跟进', '跟进个人待办、审批状态和项目交付节点。', 'PERSONAL', 109, '2026-06-09 10:00:00', '2026-06-09 11:30:00', '线上/工位', 5, '2026-06-09 09:45:00', 0, 'NORMAL', '帮我安排测试部的待办跟进，提前提醒。'),
(110, '运维部周例会', '同步本周目标、风险事项和跨部门协作需求。', 'MEETING', 110, '2026-06-10 11:00:00', '2026-06-10 12:30:00', '会议室 E', 15, '2026-06-10 10:45:00', 1, 'NORMAL', '帮我安排运维部的周例会，提前提醒。'),
(111, '冯雨晴重点事项跟进', '跟进个人待办、审批状态和项目交付节点。', 'PERSONAL', 111, '2026-06-11 12:00:00', '2026-06-11 13:30:00', '线上/工位', 30, '2026-06-11 11:45:00', 0, 'FINISHED', '帮我安排市场部的待办跟进，提前提醒。'),
(112, '韩泽宇重点事项跟进', '跟进个人待办、审批状态和项目交付节点。', 'PERSONAL', 112, '2026-06-12 13:00:00', '2026-06-12 14:30:00', '线上/工位', 60, '2026-06-12 12:45:00', 1, 'NORMAL', '帮我安排销售一部的待办跟进，提前提醒。'),
(113, '销售二部周例会', '同步本周目标、风险事项和跨部门协作需求。', 'MEETING', 113, '2026-06-13 14:00:00', '2026-06-13 15:30:00', '会议室 C', 5, '2026-06-13 13:45:00', 0, 'NORMAL', '帮我安排销售二部的周例会，提前提醒。'),
(114, '朱可欣重点事项跟进', '跟进个人待办、审批状态和项目交付节点。', 'PERSONAL', 114, '2026-06-14 15:00:00', '2026-06-14 16:30:00', '线上/工位', 15, '2026-06-14 14:45:00', 1, 'NORMAL', '帮我安排客户成功部的待办跟进，提前提醒。'),
(115, '高云帆重点事项跟进', '跟进个人待办、审批状态和项目交付节点。', 'PERSONAL', 115, '2026-06-15 09:00:00', '2026-06-15 10:30:00', '线上/工位', 30, '2026-06-15 08:45:00', 0, 'NORMAL', '帮我安排法务合规部的待办跟进，提前提醒。'),
(116, '采购部周例会', '同步本周目标、风险事项和跨部门协作需求。', 'MEETING', 116, '2026-06-16 10:00:00', '2026-06-16 11:30:00', '会议室 A', 60, '2026-06-16 09:45:00', 1, 'FINISHED', '帮我安排采购部的周例会，提前提醒。'),
(117, '梁景行重点事项跟进', '跟进个人待办、审批状态和项目交付节点。', 'PERSONAL', 117, '2026-06-17 11:00:00', '2026-06-17 12:30:00', '线上/工位', 5, '2026-06-17 10:45:00', 0, 'NORMAL', '帮我安排数据平台部的待办跟进，提前提醒。'),
(118, '宋雅楠重点事项跟进', '跟进个人待办、审批状态和项目交付节点。', 'PERSONAL', 118, '2026-06-18 12:00:00', '2026-06-18 13:30:00', '线上/工位', 15, '2026-06-18 11:45:00', 1, 'NORMAL', '帮我安排信息安全部的待办跟进，提前提醒。'),
(119, '培训发展部周例会', '同步本周目标、风险事项和跨部门协作需求。', 'MEETING', 119, '2026-06-19 13:00:00', '2026-06-19 14:30:00', '会议室 D', 30, '2026-06-19 12:45:00', 0, 'NORMAL', '帮我安排培训发展部的周例会，提前提醒。'),
(120, '许亦然重点事项跟进', '跟进个人待办、审批状态和项目交付节点。', 'PERSONAL', 120, '2026-06-20 14:00:00', '2026-06-20 15:30:00', '线上/工位', 60, '2026-06-20 13:45:00', 1, 'NORMAL', '帮我安排区域运营部的待办跟进，提前提醒。');

INSERT IGNORE INTO oa_schedule_participant
(id, schedule_id, user_id, status)
VALUES
(101, 101, 104, 'PENDING'),
(102, 102, 105, 'ACCEPTED'),
(103, 103, 106, 'ACCEPTED'),
(104, 104, 107, 'REJECTED'),
(105, 105, 108, 'PENDING'),
(106, 106, 109, 'ACCEPTED'),
(107, 107, 110, 'ACCEPTED'),
(108, 108, 111, 'REJECTED'),
(109, 109, 112, 'PENDING'),
(110, 110, 113, 'ACCEPTED'),
(111, 111, 114, 'ACCEPTED'),
(112, 112, 115, 'REJECTED'),
(113, 113, 116, 'PENDING'),
(114, 114, 117, 'ACCEPTED'),
(115, 115, 118, 'ACCEPTED'),
(116, 116, 119, 'REJECTED'),
(117, 117, 120, 'PENDING'),
(118, 118, 101, 'ACCEPTED'),
(119, 119, 102, 'ACCEPTED'),
(120, 120, 103, 'REJECTED');

INSERT IGNORE INTO oa_news
(id, title, summary, content, category, status, is_top, publisher_id, cover_image, view_count, like_count, favorite_count, comment_count, published_at, ai_generated)
VALUES
(101, '六月经营例会纪要发布', '聚焦本月重点指标、关键项目进展与后续协同事项。', '聚焦本月重点指标、关键项目进展与后续协同事项。\n\n本次更新围绕日常办公中的实际场景展开，重点说明适用范围、责任人和完成时间。各部门可在 OA 中查看相关任务、审批和通知，确保信息同步到位。\n\n如涉及附件或后续动作，请以系统中的最新记录为准，并在评论区补充执行反馈。', 'company', 'PUBLISHED', 1, 1, '/files/2026/06/seed-cover-01.jpg', 18, 3, 1, 1, '2026-06-01 10:30:00', 1),
(102, '新版费用报销流程上线', '报销单据、审批节点与附件要求已完成统一调整。', '报销单据、审批节点与附件要求已完成统一调整。\n\n本次更新围绕日常办公中的实际场景展开，重点说明适用范围、责任人和完成时间。各部门可在 OA 中查看相关任务、审批和通知，确保信息同步到位。\n\n如涉及附件或后续动作，请以系统中的最新记录为准，并在评论区补充执行反馈。', 'policy', 'PUBLISHED', 1, 102, '/files/2026/06/seed-cover-02.jpg', 21, 4, 2, 1, '2026-06-02 10:30:00', 0),
(103, '研发中心代码评审规范更新', '规范评审范围、提交格式和缺陷闭环方式，提升交付质量。', '规范评审范围、提交格式和缺陷闭环方式，提升交付质量。\n\n本次更新围绕日常办公中的实际场景展开，重点说明适用范围、责任人和完成时间。各部门可在 OA 中查看相关任务、审批和通知，确保信息同步到位。\n\n如涉及附件或后续动作，请以系统中的最新记录为准，并在评论区补充执行反馈。', 'culture', 'PUBLISHED', 1, 103, '/files/2026/06/seed-cover-03.jpg', 24, 5, 3, 1, '2026-06-03 10:30:00', 0),
(104, '员工关怀活动报名开启', '员工关怀活动开放报名，欢迎各部门同事参与。', '员工关怀活动开放报名，欢迎各部门同事参与。\n\n本次更新围绕日常办公中的实际场景展开，重点说明适用范围、责任人和完成时间。各部门可在 OA 中查看相关任务、审批和通知，确保信息同步到位。\n\n如涉及附件或后续动作，请以系统中的最新记录为准，并在评论区补充执行反馈。', 'company', 'PUBLISHED', 0, 104, '/files/2026/06/seed-cover-04.jpg', 27, 6, 4, 1, '2026-06-04 10:30:00', 0),
(105, '客户成功团队完成季度复盘', '围绕客户反馈、服务响应和续约机会完成阶段复盘。', '围绕客户反馈、服务响应和续约机会完成阶段复盘。\n\n本次更新围绕日常办公中的实际场景展开，重点说明适用范围、责任人和完成时间。各部门可在 OA 中查看相关任务、审批和通知，确保信息同步到位。\n\n如涉及附件或后续动作，请以系统中的最新记录为准，并在评论区补充执行反馈。', 'policy', 'PUBLISHED', 0, 1, '/files/2026/06/seed-cover-05.jpg', 30, 7, 5, 1, '2026-06-05 10:30:00', 1),
(106, '信息安全月培训计划公布', '安全意识培训、钓鱼演练和账号规范检查将陆续开展。', '安全意识培训、钓鱼演练和账号规范检查将陆续开展。\n\n本次更新围绕日常办公中的实际场景展开，重点说明适用范围、责任人和完成时间。各部门可在 OA 中查看相关任务、审批和通知，确保信息同步到位。\n\n如涉及附件或后续动作，请以系统中的最新记录为准，并在评论区补充执行反馈。', 'culture', 'PUBLISHED', 0, 106, '/files/2026/06/seed-cover-06.jpg', 33, 8, 1, 1, '2026-06-06 10:30:00', 0),
(107, '办公区工位调整通知', '为提升协作效率，办公区工位将按团队进行小范围调整。', '为提升协作效率，办公区工位将按团队进行小范围调整。\n\n本次更新围绕日常办公中的实际场景展开，重点说明适用范围、责任人和完成时间。各部门可在 OA 中查看相关任务、审批和通知，确保信息同步到位。\n\n如涉及附件或后续动作，请以系统中的最新记录为准，并在评论区补充执行反馈。', 'company', 'PUBLISHED', 0, 107, '/files/2026/06/seed-cover-07.jpg', 36, 9, 2, 1, '2026-06-07 10:30:00', 0),
(108, '产品路线图评审安排', '产品路线图进入评审阶段，各业务线请提前准备反馈。', '产品路线图进入评审阶段，各业务线请提前准备反馈。\n\n本次更新围绕日常办公中的实际场景展开，重点说明适用范围、责任人和完成时间。各部门可在 OA 中查看相关任务、审批和通知，确保信息同步到位。\n\n如涉及附件或后续动作，请以系统中的最新记录为准，并在评论区补充执行反馈。', 'policy', 'PUBLISHED', 0, 108, '/files/2026/06/seed-cover-08.jpg', 39, 10, 3, 1, '2026-06-08 10:30:00', 0),
(109, '市场部品牌物料规范升级', '品牌物料模板升级，统一对外沟通视觉和文案规范。', '品牌物料模板升级，统一对外沟通视觉和文案规范。\n\n本次更新围绕日常办公中的实际场景展开，重点说明适用范围、责任人和完成时间。各部门可在 OA 中查看相关任务、审批和通知，确保信息同步到位。\n\n如涉及附件或后续动作，请以系统中的最新记录为准，并在评论区补充执行反馈。', 'culture', 'PUBLISHED', 0, 1, '/files/2026/06/seed-cover-09.jpg', 42, 3, 4, 1, '2026-06-09 10:30:00', 1),
(110, '销售团队签约捷报', '销售团队完成重点客户签约，相关交付准备同步启动。', '销售团队完成重点客户签约，相关交付准备同步启动。\n\n本次更新围绕日常办公中的实际场景展开，重点说明适用范围、责任人和完成时间。各部门可在 OA 中查看相关任务、审批和通知，确保信息同步到位。\n\n如涉及附件或后续动作，请以系统中的最新记录为准，并在评论区补充执行反馈。', 'company', 'PUBLISHED', 0, 110, '/files/2026/06/seed-cover-10.jpg', 45, 4, 5, 1, '2026-06-10 10:30:00', 0),
(111, '端午节值班安排确认', '端午假期值班名单已确认，请相关同事关注通知。', '端午假期值班名单已确认，请相关同事关注通知。\n\n本次更新围绕日常办公中的实际场景展开，重点说明适用范围、责任人和完成时间。各部门可在 OA 中查看相关任务、审批和通知，确保信息同步到位。\n\n如涉及附件或后续动作，请以系统中的最新记录为准，并在评论区补充执行反馈。', 'policy', 'PUBLISHED', 0, 111, '/files/2026/06/seed-cover-11.jpg', 48, 5, 1, 1, '2026-06-11 10:30:00', 0),
(112, '数据平台监控看板上线', '数据平台上线监控看板，支持异常指标快速定位。', '数据平台上线监控看板，支持异常指标快速定位。\n\n本次更新围绕日常办公中的实际场景展开，重点说明适用范围、责任人和完成时间。各部门可在 OA 中查看相关任务、审批和通知，确保信息同步到位。\n\n如涉及附件或后续动作，请以系统中的最新记录为准，并在评论区补充执行反馈。', 'culture', 'PUBLISHED', 0, 112, '/files/2026/06/seed-cover-12.jpg', 51, 6, 2, 1, '2026-06-12 10:30:00', 0),
(113, '行政采购供应商准入说明', '采购供应商准入流程补充风控材料和评审标准。', '采购供应商准入流程补充风控材料和评审标准。\n\n本次更新围绕日常办公中的实际场景展开，重点说明适用范围、责任人和完成时间。各部门可在 OA 中查看相关任务、审批和通知，确保信息同步到位。\n\n如涉及附件或后续动作，请以系统中的最新记录为准，并在评论区补充执行反馈。', 'company', 'PUBLISHED', 0, 1, '/files/2026/06/seed-cover-13.jpg', 54, 7, 3, 1, '2026-06-13 10:30:00', 1),
(114, '新人导师计划第二期启动', '新人导师计划启动第二期，覆盖入职 90 天内员工。', '新人导师计划启动第二期，覆盖入职 90 天内员工。\n\n本次更新围绕日常办公中的实际场景展开，重点说明适用范围、责任人和完成时间。各部门可在 OA 中查看相关任务、审批和通知，确保信息同步到位。\n\n如涉及附件或后续动作，请以系统中的最新记录为准，并在评论区补充执行反馈。', 'policy', 'PUBLISHED', 0, 114, '/files/2026/06/seed-cover-14.jpg', 57, 8, 4, 1, '2026-06-14 10:30:00', 0),
(115, '运维巡检标准化清单发布', '运维巡检清单标准化，提升系统稳定性和响应效率。', '运维巡检清单标准化，提升系统稳定性和响应效率。\n\n本次更新围绕日常办公中的实际场景展开，重点说明适用范围、责任人和完成时间。各部门可在 OA 中查看相关任务、审批和通知，确保信息同步到位。\n\n如涉及附件或后续动作，请以系统中的最新记录为准，并在评论区补充执行反馈。', 'culture', 'PUBLISHED', 0, 115, '/files/2026/06/seed-cover-15.jpg', 60, 9, 5, 1, '2026-06-15 10:30:00', 0),
(116, '财务月结时间节点提醒', '财务月结节点临近，请各部门按时提交相关材料。', '财务月结节点临近，请各部门按时提交相关材料。\n\n本次更新围绕日常办公中的实际场景展开，重点说明适用范围、责任人和完成时间。各部门可在 OA 中查看相关任务、审批和通知，确保信息同步到位。\n\n如涉及附件或后续动作，请以系统中的最新记录为准，并在评论区补充执行反馈。', 'company', 'PUBLISHED', 0, 116, '/files/2026/06/seed-cover-16.jpg', 63, 10, 1, 1, '2026-06-16 10:30:00', 0),
(117, '法务合同归档规则优化', '合同归档规则更新，支持合同类型与业务线双维度检索。', '合同归档规则更新，支持合同类型与业务线双维度检索。\n\n本次更新围绕日常办公中的实际场景展开，重点说明适用范围、责任人和完成时间。各部门可在 OA 中查看相关任务、审批和通知，确保信息同步到位。\n\n如涉及附件或后续动作，请以系统中的最新记录为准，并在评论区补充执行反馈。', 'policy', 'PUBLISHED', 0, 1, '/files/2026/06/seed-cover-17.jpg', 66, 3, 2, 1, '2026-06-17 10:30:00', 1),
(118, '年度体检预约入口开放', '年度体检预约入口开放，员工可按城市选择体检时间。', '年度体检预约入口开放，员工可按城市选择体检时间。\n\n本次更新围绕日常办公中的实际场景展开，重点说明适用范围、责任人和完成时间。各部门可在 OA 中查看相关任务、审批和通知，确保信息同步到位。\n\n如涉及附件或后续动作，请以系统中的最新记录为准，并在评论区补充执行反馈。', 'culture', 'PUBLISHED', 0, 118, '/files/2026/06/seed-cover-18.jpg', 69, 4, 3, 1, '2026-06-18 10:30:00', 0),
(119, '跨部门协同周报模板启用', '跨部门周报模板启用，重点强化事项负责人和完成时间。', '跨部门周报模板启用，重点强化事项负责人和完成时间。\n\n本次更新围绕日常办公中的实际场景展开，重点说明适用范围、责任人和完成时间。各部门可在 OA 中查看相关任务、审批和通知，确保信息同步到位。\n\n如涉及附件或后续动作，请以系统中的最新记录为准，并在评论区补充执行反馈。', 'company', 'PUBLISHED', 0, 119, '/files/2026/06/seed-cover-19.jpg', 72, 5, 4, 1, '2026-06-19 10:30:00', 0),
(120, 'OA 系统使用小技巧合集', '整理常用 OA 操作技巧，帮助大家减少重复操作。', '整理常用 OA 操作技巧，帮助大家减少重复操作。\n\n本次更新围绕日常办公中的实际场景展开，重点说明适用范围、责任人和完成时间。各部门可在 OA 中查看相关任务、审批和通知，确保信息同步到位。\n\n如涉及附件或后续动作，请以系统中的最新记录为准，并在评论区补充执行反馈。', 'policy', 'PUBLISHED', 0, 120, '/files/2026/06/seed-cover-20.jpg', 75, 6, 5, 1, '2026-06-20 10:30:00', 0);

INSERT IGNORE INTO oa_news_comment
(id, news_id, user_id, content, parent_id, status, created_at)
VALUES
(101, 101, 103, '已阅读，总裁办会按通知要求同步执行。', 0, 'PUBLISHED', '2026-06-01 14:20:00'),
(102, 102, 104, '已阅读，人力资源部会按通知要求同步执行。', 0, 'PUBLISHED', '2026-06-02 14:20:00'),
(103, 103, 105, '已阅读，财务部会按通知要求同步执行。', 0, 'PUBLISHED', '2026-06-03 14:20:00'),
(104, 104, 106, '已阅读，行政部会按通知要求同步执行。', 0, 'PUBLISHED', '2026-06-04 14:20:00'),
(105, 105, 107, '已阅读，研发一部会按通知要求同步执行。', 0, 'PUBLISHED', '2026-06-05 14:20:00'),
(106, 106, 108, '已阅读，研发二部会按通知要求同步执行。', 0, 'PUBLISHED', '2026-06-06 14:20:00'),
(107, 107, 109, '已阅读，产品部会按通知要求同步执行。', 0, 'PUBLISHED', '2026-06-07 14:20:00'),
(108, 108, 110, '已阅读，设计部会按通知要求同步执行。', 0, 'PUBLISHED', '2026-06-08 14:20:00'),
(109, 109, 111, '已阅读，测试部会按通知要求同步执行。', 0, 'PUBLISHED', '2026-06-09 14:20:00'),
(110, 110, 112, '已阅读，运维部会按通知要求同步执行。', 0, 'PUBLISHED', '2026-06-10 14:20:00'),
(111, 111, 113, '已阅读，市场部会按通知要求同步执行。', 0, 'PUBLISHED', '2026-06-11 14:20:00'),
(112, 112, 114, '已阅读，销售一部会按通知要求同步执行。', 0, 'PUBLISHED', '2026-06-12 14:20:00'),
(113, 113, 115, '已阅读，销售二部会按通知要求同步执行。', 0, 'PUBLISHED', '2026-06-13 14:20:00'),
(114, 114, 116, '已阅读，客户成功部会按通知要求同步执行。', 0, 'PUBLISHED', '2026-06-14 14:20:00'),
(115, 115, 117, '已阅读，法务合规部会按通知要求同步执行。', 0, 'PUBLISHED', '2026-06-15 14:20:00'),
(116, 116, 118, '已阅读，采购部会按通知要求同步执行。', 0, 'PUBLISHED', '2026-06-16 14:20:00'),
(117, 117, 119, '已阅读，数据平台部会按通知要求同步执行。', 0, 'PUBLISHED', '2026-06-17 14:20:00'),
(118, 118, 120, '已阅读，信息安全部会按通知要求同步执行。', 0, 'PUBLISHED', '2026-06-18 14:20:00'),
(119, 119, 101, '已阅读，培训发展部会按通知要求同步执行。', 0, 'PUBLISHED', '2026-06-19 14:20:00'),
(120, 120, 102, '已阅读，区域运营部会按通知要求同步执行。', 0, 'PUBLISHED', '2026-06-20 14:20:00');

INSERT IGNORE INTO oa_news_like
(id, news_id, user_id, created_at)
VALUES
(101, 101, 106, '2026-06-01 15:05:00'),
(102, 102, 107, '2026-06-02 15:05:00'),
(103, 103, 108, '2026-06-03 15:05:00'),
(104, 104, 109, '2026-06-04 15:05:00'),
(105, 105, 110, '2026-06-05 15:05:00'),
(106, 106, 111, '2026-06-06 15:05:00'),
(107, 107, 112, '2026-06-07 15:05:00'),
(108, 108, 113, '2026-06-08 15:05:00'),
(109, 109, 114, '2026-06-09 15:05:00'),
(110, 110, 115, '2026-06-10 15:05:00'),
(111, 111, 116, '2026-06-11 15:05:00'),
(112, 112, 117, '2026-06-12 15:05:00'),
(113, 113, 118, '2026-06-13 15:05:00'),
(114, 114, 119, '2026-06-14 15:05:00'),
(115, 115, 120, '2026-06-15 15:05:00'),
(116, 116, 101, '2026-06-16 15:05:00'),
(117, 117, 102, '2026-06-17 15:05:00'),
(118, 118, 103, '2026-06-18 15:05:00'),
(119, 119, 104, '2026-06-19 15:05:00'),
(120, 120, 105, '2026-06-20 15:05:00');

INSERT IGNORE INTO oa_news_favorite
(id, news_id, user_id, created_at)
VALUES
(101, 101, 109, '2026-06-01 15:45:00'),
(102, 102, 110, '2026-06-02 15:45:00'),
(103, 103, 111, '2026-06-03 15:45:00'),
(104, 104, 112, '2026-06-04 15:45:00'),
(105, 105, 113, '2026-06-05 15:45:00'),
(106, 106, 114, '2026-06-06 15:45:00'),
(107, 107, 115, '2026-06-07 15:45:00'),
(108, 108, 116, '2026-06-08 15:45:00'),
(109, 109, 117, '2026-06-09 15:45:00'),
(110, 110, 118, '2026-06-10 15:45:00'),
(111, 111, 119, '2026-06-11 15:45:00'),
(112, 112, 120, '2026-06-12 15:45:00'),
(113, 113, 101, '2026-06-13 15:45:00'),
(114, 114, 102, '2026-06-14 15:45:00'),
(115, 115, 103, '2026-06-15 15:45:00'),
(116, 116, 104, '2026-06-16 15:45:00'),
(117, 117, 105, '2026-06-17 15:45:00'),
(118, 118, 106, '2026-06-18 15:45:00'),
(119, 119, 107, '2026-06-19 15:45:00'),
(120, 120, 108, '2026-06-20 15:45:00');

INSERT IGNORE INTO sys_dict_type
(id, type_code, type_name, remark, status)
VALUES
(101, 'seed_type_01', '演示字典1', '用于种子数据和页面测试。', 1),
(102, 'seed_type_02', '演示字典2', '用于种子数据和页面测试。', 1),
(103, 'seed_type_03', '演示字典3', '用于种子数据和页面测试。', 1),
(104, 'seed_type_04', '演示字典4', '用于种子数据和页面测试。', 1),
(105, 'seed_type_05', '演示字典5', '用于种子数据和页面测试。', 1),
(106, 'seed_type_06', '演示字典6', '用于种子数据和页面测试。', 1),
(107, 'seed_type_07', '演示字典7', '用于种子数据和页面测试。', 1),
(108, 'seed_type_08', '演示字典8', '用于种子数据和页面测试。', 1),
(109, 'seed_type_09', '演示字典9', '用于种子数据和页面测试。', 1),
(110, 'seed_type_10', '演示字典10', '用于种子数据和页面测试。', 1),
(111, 'seed_type_11', '演示字典11', '用于种子数据和页面测试。', 1),
(112, 'seed_type_12', '演示字典12', '用于种子数据和页面测试。', 1),
(113, 'seed_type_13', '演示字典13', '用于种子数据和页面测试。', 1),
(114, 'seed_type_14', '演示字典14', '用于种子数据和页面测试。', 1),
(115, 'seed_type_15', '演示字典15', '用于种子数据和页面测试。', 1),
(116, 'seed_type_16', '演示字典16', '用于种子数据和页面测试。', 1),
(117, 'seed_type_17', '演示字典17', '用于种子数据和页面测试。', 1),
(118, 'seed_type_18', '演示字典18', '用于种子数据和页面测试。', 1),
(119, 'seed_type_19', '演示字典19', '用于种子数据和页面测试。', 1),
(120, 'seed_type_20', '演示字典20', '用于种子数据和页面测试。', 1);

INSERT IGNORE INTO sys_dict_data
(id, type_code, dict_label, dict_value, sort_order, status, remark)
VALUES
(101, 'seed_type_01', '选项1', 'VALUE_01', 1, 1, '演示数据项'),
(102, 'seed_type_02', '选项2', 'VALUE_02', 2, 1, '演示数据项'),
(103, 'seed_type_03', '选项3', 'VALUE_03', 3, 1, '演示数据项'),
(104, 'seed_type_04', '选项4', 'VALUE_04', 4, 1, '演示数据项'),
(105, 'seed_type_05', '选项5', 'VALUE_05', 5, 1, '演示数据项'),
(106, 'seed_type_06', '选项6', 'VALUE_06', 6, 1, '演示数据项'),
(107, 'seed_type_07', '选项7', 'VALUE_07', 7, 1, '演示数据项'),
(108, 'seed_type_08', '选项8', 'VALUE_08', 8, 1, '演示数据项'),
(109, 'seed_type_09', '选项9', 'VALUE_09', 9, 1, '演示数据项'),
(110, 'seed_type_10', '选项10', 'VALUE_10', 10, 1, '演示数据项'),
(111, 'seed_type_11', '选项11', 'VALUE_11', 11, 1, '演示数据项'),
(112, 'seed_type_12', '选项12', 'VALUE_12', 12, 1, '演示数据项'),
(113, 'seed_type_13', '选项13', 'VALUE_13', 13, 1, '演示数据项'),
(114, 'seed_type_14', '选项14', 'VALUE_14', 14, 1, '演示数据项'),
(115, 'seed_type_15', '选项15', 'VALUE_15', 15, 1, '演示数据项'),
(116, 'seed_type_16', '选项16', 'VALUE_16', 16, 1, '演示数据项'),
(117, 'seed_type_17', '选项17', 'VALUE_17', 17, 1, '演示数据项'),
(118, 'seed_type_18', '选项18', 'VALUE_18', 18, 1, '演示数据项'),
(119, 'seed_type_19', '选项19', 'VALUE_19', 19, 1, '演示数据项'),
(120, 'seed_type_20', '选项20', 'VALUE_20', 20, 1, '演示数据项');

INSERT IGNORE INTO sys_file
(id, original_name, file_name, file_path, file_url, file_size, file_type, extension, business_type, business_id, uploader_id, download_count, created_at)
VALUES
(101, '新闻封面1.jpg', 'seed-cover-01.jpg', 'E:/code/OA_SYSTEM/backend/upload/2026/06/seed-cover-01.jpg', '/files/2026/06/seed-cover-01.jpg', 80447, 'image/jpeg', 'jpg', 'NEWS', 101, 1, 0, '2026-06-01 09:05:00'),
(102, '新闻封面2.jpg', 'seed-cover-02.jpg', 'E:/code/OA_SYSTEM/backend/upload/2026/06/seed-cover-02.jpg', '/files/2026/06/seed-cover-02.jpg', 115903, 'image/jpeg', 'jpg', 'NEWS', 102, 102, 1, '2026-06-02 09:05:00'),
(103, '新闻封面3.jpg', 'seed-cover-03.jpg', 'E:/code/OA_SYSTEM/backend/upload/2026/06/seed-cover-03.jpg', '/files/2026/06/seed-cover-03.jpg', 135445, 'image/jpeg', 'jpg', 'NEWS', 103, 103, 2, '2026-06-03 09:05:00'),
(104, '新闻封面4.jpg', 'seed-cover-04.jpg', 'E:/code/OA_SYSTEM/backend/upload/2026/06/seed-cover-04.jpg', '/files/2026/06/seed-cover-04.jpg', 78869, 'image/jpeg', 'jpg', 'NEWS', 104, 104, 3, '2026-06-04 09:05:00'),
(105, '新闻封面5.jpg', 'seed-cover-05.jpg', 'E:/code/OA_SYSTEM/backend/upload/2026/06/seed-cover-05.jpg', '/files/2026/06/seed-cover-05.jpg', 53893, 'image/jpeg', 'jpg', 'NEWS', 105, 1, 4, '2026-06-05 09:05:00'),
(106, '新闻封面6.jpg', 'seed-cover-06.jpg', 'E:/code/OA_SYSTEM/backend/upload/2026/06/seed-cover-06.jpg', '/files/2026/06/seed-cover-06.jpg', 143789, 'image/jpeg', 'jpg', 'NEWS', 106, 106, 5, '2026-06-06 09:05:00'),
(107, '新闻封面7.jpg', 'seed-cover-07.jpg', 'E:/code/OA_SYSTEM/backend/upload/2026/06/seed-cover-07.jpg', '/files/2026/06/seed-cover-07.jpg', 84490, 'image/jpeg', 'jpg', 'NEWS', 107, 107, 6, '2026-06-07 09:05:00'),
(108, '新闻封面8.jpg', 'seed-cover-08.jpg', 'E:/code/OA_SYSTEM/backend/upload/2026/06/seed-cover-08.jpg', '/files/2026/06/seed-cover-08.jpg', 110519, 'image/jpeg', 'jpg', 'NEWS', 108, 108, 0, '2026-06-08 09:05:00'),
(109, '新闻封面9.jpg', 'seed-cover-09.jpg', 'E:/code/OA_SYSTEM/backend/upload/2026/06/seed-cover-09.jpg', '/files/2026/06/seed-cover-09.jpg', 103221, 'image/jpeg', 'jpg', 'NEWS', 109, 1, 1, '2026-06-09 09:05:00'),
(110, '新闻封面10.jpg', 'seed-cover-10.jpg', 'E:/code/OA_SYSTEM/backend/upload/2026/06/seed-cover-10.jpg', '/files/2026/06/seed-cover-10.jpg', 79134, 'image/jpeg', 'jpg', 'NEWS', 110, 110, 2, '2026-06-10 09:05:00'),
(111, '新闻封面11.jpg', 'seed-cover-11.jpg', 'E:/code/OA_SYSTEM/backend/upload/2026/06/seed-cover-11.jpg', '/files/2026/06/seed-cover-11.jpg', 118753, 'image/jpeg', 'jpg', 'NEWS', 111, 111, 3, '2026-06-11 09:05:00'),
(112, '新闻封面12.jpg', 'seed-cover-12.jpg', 'E:/code/OA_SYSTEM/backend/upload/2026/06/seed-cover-12.jpg', '/files/2026/06/seed-cover-12.jpg', 60349, 'image/jpeg', 'jpg', 'NEWS', 112, 112, 4, '2026-06-12 09:05:00'),
(113, '新闻封面13.jpg', 'seed-cover-13.jpg', 'E:/code/OA_SYSTEM/backend/upload/2026/06/seed-cover-13.jpg', '/files/2026/06/seed-cover-13.jpg', 67510, 'image/jpeg', 'jpg', 'NEWS', 113, 1, 5, '2026-06-13 09:05:00'),
(114, '新闻封面14.jpg', 'seed-cover-14.jpg', 'E:/code/OA_SYSTEM/backend/upload/2026/06/seed-cover-14.jpg', '/files/2026/06/seed-cover-14.jpg', 42313, 'image/jpeg', 'jpg', 'NEWS', 114, 114, 6, '2026-06-14 09:05:00'),
(115, '新闻封面15.jpg', 'seed-cover-15.jpg', 'E:/code/OA_SYSTEM/backend/upload/2026/06/seed-cover-15.jpg', '/files/2026/06/seed-cover-15.jpg', 54669, 'image/jpeg', 'jpg', 'NEWS', 115, 115, 0, '2026-06-15 09:05:00'),
(116, '新闻封面16.jpg', 'seed-cover-16.jpg', 'E:/code/OA_SYSTEM/backend/upload/2026/06/seed-cover-16.jpg', '/files/2026/06/seed-cover-16.jpg', 41325, 'image/jpeg', 'jpg', 'NEWS', 116, 116, 1, '2026-06-16 09:05:00'),
(117, '新闻封面17.jpg', 'seed-cover-17.jpg', 'E:/code/OA_SYSTEM/backend/upload/2026/06/seed-cover-17.jpg', '/files/2026/06/seed-cover-17.jpg', 79010, 'image/jpeg', 'jpg', 'NEWS', 117, 1, 2, '2026-06-17 09:05:00'),
(118, '新闻封面18.jpg', 'seed-cover-18.jpg', 'E:/code/OA_SYSTEM/backend/upload/2026/06/seed-cover-18.jpg', '/files/2026/06/seed-cover-18.jpg', 105205, 'image/jpeg', 'jpg', 'NEWS', 118, 118, 3, '2026-06-18 09:05:00'),
(119, '新闻封面19.jpg', 'seed-cover-19.jpg', 'E:/code/OA_SYSTEM/backend/upload/2026/06/seed-cover-19.jpg', '/files/2026/06/seed-cover-19.jpg', 157982, 'image/jpeg', 'jpg', 'NEWS', 119, 119, 4, '2026-06-19 09:05:00'),
(120, '新闻封面20.jpg', 'seed-cover-20.jpg', 'E:/code/OA_SYSTEM/backend/upload/2026/06/seed-cover-20.jpg', '/files/2026/06/seed-cover-20.jpg', 182688, 'image/jpeg', 'jpg', 'NEWS', 120, 120, 5, '2026-06-20 09:05:00'),
(121, '审批附件1.pdf', 'seed-attachment-01.pdf', 'E:/code/OA_SYSTEM/backend/upload/2026/06/seed-attachment-01.pdf', '/files/2026/06/seed-attachment-01.pdf', 13264, 'application/pdf', 'pdf', 'APPROVAL', 101, 101, 0, '2026-06-01 09:25:00'),
(122, '审批附件2.pdf', 'seed-attachment-02.pdf', 'E:/code/OA_SYSTEM/backend/upload/2026/06/seed-attachment-02.pdf', '/files/2026/06/seed-attachment-02.pdf', 13264, 'application/pdf', 'pdf', 'APPROVAL', 102, 102, 0, '2026-06-02 09:25:00'),
(123, '审批附件3.pdf', 'seed-attachment-03.pdf', 'E:/code/OA_SYSTEM/backend/upload/2026/06/seed-attachment-03.pdf', '/files/2026/06/seed-attachment-03.pdf', 13264, 'application/pdf', 'pdf', 'APPROVAL', 103, 103, 0, '2026-06-03 09:25:00'),
(124, '审批附件4.pdf', 'seed-attachment-04.pdf', 'E:/code/OA_SYSTEM/backend/upload/2026/06/seed-attachment-04.pdf', '/files/2026/06/seed-attachment-04.pdf', 13264, 'application/pdf', 'pdf', 'APPROVAL', 104, 104, 0, '2026-06-04 09:25:00');

INSERT IGNORE INTO sys_notification
(id, receiver_id, sender_id, title, content, type, business_type, business_id, read_status, read_time, pushed, created_at)
VALUES
(101, 101, 1, '你有一条新的请假通知', '请登录 OA 系统查看详情并按时处理。', 'APPROVAL', 'APPROVAL', 101, 1, '2026-06-01 18:10:00', 0, '2026-06-01 11:35:00'),
(102, 102, 106, '你有一条新的报销通知', '请登录 OA 系统查看详情并按时处理。', 'SCHEDULE', 'SCHEDULE', 102, 0, NULL, 1, '2026-06-02 11:35:00'),
(103, 103, 107, '你有一条新的加班通知', '请登录 OA 系统查看详情并按时处理。', 'NEWS', 'NEWS', 103, 0, NULL, 0, '2026-06-03 11:35:00'),
(104, 104, 108, '你有一条新的出差通知', '请登录 OA 系统查看详情并按时处理。', 'SYSTEM', 'APPROVAL', 104, 1, '2026-06-04 18:10:00', 1, '2026-06-04 11:35:00'),
(105, 105, 1, '你有一条新的请假通知', '请登录 OA 系统查看详情并按时处理。', 'APPROVAL', 'APPROVAL', 105, 0, NULL, 0, '2026-06-05 11:35:00'),
(106, 106, 110, '你有一条新的报销通知', '请登录 OA 系统查看详情并按时处理。', 'SCHEDULE', 'SCHEDULE', 106, 0, NULL, 1, '2026-06-06 11:35:00'),
(107, 107, 111, '你有一条新的加班通知', '请登录 OA 系统查看详情并按时处理。', 'NEWS', 'NEWS', 107, 1, '2026-06-07 18:10:00', 0, '2026-06-07 11:35:00'),
(108, 108, 112, '你有一条新的出差通知', '请登录 OA 系统查看详情并按时处理。', 'SYSTEM', 'APPROVAL', 108, 0, NULL, 1, '2026-06-08 11:35:00'),
(109, 109, 1, '你有一条新的请假通知', '请登录 OA 系统查看详情并按时处理。', 'APPROVAL', 'APPROVAL', 109, 0, NULL, 0, '2026-06-09 11:35:00'),
(110, 110, 114, '你有一条新的报销通知', '请登录 OA 系统查看详情并按时处理。', 'SCHEDULE', 'SCHEDULE', 110, 1, '2026-06-10 18:10:00', 1, '2026-06-10 11:35:00'),
(111, 111, 115, '你有一条新的加班通知', '请登录 OA 系统查看详情并按时处理。', 'NEWS', 'NEWS', 111, 0, NULL, 0, '2026-06-11 11:35:00'),
(112, 112, 116, '你有一条新的出差通知', '请登录 OA 系统查看详情并按时处理。', 'SYSTEM', 'APPROVAL', 112, 0, NULL, 1, '2026-06-12 11:35:00'),
(113, 113, 1, '你有一条新的请假通知', '请登录 OA 系统查看详情并按时处理。', 'APPROVAL', 'APPROVAL', 113, 1, '2026-06-13 18:10:00', 0, '2026-06-13 11:35:00'),
(114, 114, 118, '你有一条新的报销通知', '请登录 OA 系统查看详情并按时处理。', 'SCHEDULE', 'SCHEDULE', 114, 0, NULL, 1, '2026-06-14 11:35:00'),
(115, 115, 119, '你有一条新的加班通知', '请登录 OA 系统查看详情并按时处理。', 'NEWS', 'NEWS', 115, 0, NULL, 0, '2026-06-15 11:35:00'),
(116, 116, 120, '你有一条新的出差通知', '请登录 OA 系统查看详情并按时处理。', 'SYSTEM', 'APPROVAL', 116, 1, '2026-06-16 18:10:00', 1, '2026-06-16 11:35:00'),
(117, 117, 1, '你有一条新的请假通知', '请登录 OA 系统查看详情并按时处理。', 'APPROVAL', 'APPROVAL', 117, 0, NULL, 0, '2026-06-17 11:35:00'),
(118, 118, 102, '你有一条新的报销通知', '请登录 OA 系统查看详情并按时处理。', 'SCHEDULE', 'SCHEDULE', 118, 0, NULL, 1, '2026-06-18 11:35:00'),
(119, 119, 103, '你有一条新的加班通知', '请登录 OA 系统查看详情并按时处理。', 'NEWS', 'NEWS', 119, 1, '2026-06-19 18:10:00', 0, '2026-06-19 11:35:00'),
(120, 120, 104, '你有一条新的出差通知', '请登录 OA 系统查看详情并按时处理。', 'SYSTEM', 'APPROVAL', 120, 0, NULL, 1, '2026-06-20 11:35:00');

INSERT IGNORE INTO sys_ai_log
(id, user_id, function_type, provider, model_name, prompt, request_content, response_content, success, error_message, cost_time_ms, created_at)
VALUES
(101, 101, 'APPROVAL_SUMMARY', 'mock', 'qwen-plus', '请处理演示任务 1', '来自种子脚本的模拟请求内容。', '已生成模拟响应，用于验证 AI 日志列表和详情展示。', 1, NULL, 320, '2026-06-01 13:12:00'),
(102, 102, 'APPROVAL_RISK', 'mock', 'qwen-plus', '请处理演示任务 2', '来自种子脚本的模拟请求内容。', '已生成模拟响应，用于验证 AI 日志列表和详情展示。', 1, NULL, 337, '2026-06-02 13:12:00'),
(103, 103, 'NEWS_GENERATE', 'mock', 'qwen-plus', '请处理演示任务 3', '来自种子脚本的模拟请求内容。', '已生成模拟响应，用于验证 AI 日志列表和详情展示。', 1, NULL, 354, '2026-06-03 13:12:00'),
(104, 104, 'NEWS_POLISH', 'mock', 'qwen-plus', '请处理演示任务 4', '来自种子脚本的模拟请求内容。', '已生成模拟响应，用于验证 AI 日志列表和详情展示。', 1, NULL, 371, '2026-06-04 13:12:00'),
(105, 105, 'SCHEDULE_PARSE', 'mock', 'qwen-plus', '请处理演示任务 5', '来自种子脚本的模拟请求内容。', '已生成模拟响应，用于验证 AI 日志列表和详情展示。', 1, NULL, 388, '2026-06-05 13:12:00'),
(106, 106, 'QA', 'mock', 'qwen-plus', '请处理演示任务 6', '来自种子脚本的模拟请求内容。', '已生成模拟响应，用于验证 AI 日志列表和详情展示。', 1, NULL, 405, '2026-06-06 13:12:00'),
(107, 107, 'APPROVAL_SUMMARY', 'mock', 'qwen-plus', '请处理演示任务 7', '来自种子脚本的模拟请求内容。', '已生成模拟响应，用于验证 AI 日志列表和详情展示。', 1, NULL, 422, '2026-06-07 13:12:00'),
(108, 108, 'APPROVAL_RISK', 'mock', 'qwen-plus', '请处理演示任务 8', '来自种子脚本的模拟请求内容。', '已生成模拟响应，用于验证 AI 日志列表和详情展示。', 1, NULL, 439, '2026-06-08 13:12:00'),
(109, 109, 'NEWS_GENERATE', 'mock', 'qwen-plus', '请处理演示任务 9', '来自种子脚本的模拟请求内容。', '已生成模拟响应，用于验证 AI 日志列表和详情展示。', 1, NULL, 456, '2026-06-09 13:12:00'),
(110, 110, 'NEWS_POLISH', 'mock', 'qwen-plus', '请处理演示任务 10', '来自种子脚本的模拟请求内容。', '已生成模拟响应，用于验证 AI 日志列表和详情展示。', 1, NULL, 473, '2026-06-10 13:12:00'),
(111, 111, 'SCHEDULE_PARSE', 'mock', 'qwen-plus', '请处理演示任务 11', '来自种子脚本的模拟请求内容。', '已生成模拟响应，用于验证 AI 日志列表和详情展示。', 1, NULL, 490, '2026-06-11 13:12:00'),
(112, 112, 'QA', 'mock', 'qwen-plus', '请处理演示任务 12', '来自种子脚本的模拟请求内容。', '已生成模拟响应，用于验证 AI 日志列表和详情展示。', 1, NULL, 507, '2026-06-12 13:12:00'),
(113, 113, 'APPROVAL_SUMMARY', 'mock', 'qwen-plus', '请处理演示任务 13', '来自种子脚本的模拟请求内容。', '已生成模拟响应，用于验证 AI 日志列表和详情展示。', 1, NULL, 524, '2026-06-13 13:12:00'),
(114, 114, 'APPROVAL_RISK', 'mock', 'qwen-plus', '请处理演示任务 14', '来自种子脚本的模拟请求内容。', '已生成模拟响应，用于验证 AI 日志列表和详情展示。', 1, NULL, 541, '2026-06-14 13:12:00'),
(115, 115, 'NEWS_GENERATE', 'mock', 'qwen-plus', '请处理演示任务 15', '来自种子脚本的模拟请求内容。', '已生成模拟响应，用于验证 AI 日志列表和详情展示。', 1, NULL, 558, '2026-06-15 13:12:00'),
(116, 116, 'NEWS_POLISH', 'mock', 'qwen-plus', '请处理演示任务 16', '来自种子脚本的模拟请求内容。', '已生成模拟响应，用于验证 AI 日志列表和详情展示。', 1, NULL, 575, '2026-06-16 13:12:00'),
(117, 117, 'SCHEDULE_PARSE', 'mock', 'qwen-plus', '请处理演示任务 17', '来自种子脚本的模拟请求内容。', '已生成模拟响应，用于验证 AI 日志列表和详情展示。', 1, NULL, 592, '2026-06-17 13:12:00'),
(118, 118, 'QA', 'mock', 'qwen-plus', '请处理演示任务 18', '来自种子脚本的模拟请求内容。', '已生成模拟响应，用于验证 AI 日志列表和详情展示。', 1, NULL, 609, '2026-06-18 13:12:00'),
(119, 119, 'APPROVAL_SUMMARY', 'mock', 'qwen-plus', '请处理演示任务 19', '来自种子脚本的模拟请求内容。', '已生成模拟响应，用于验证 AI 日志列表和详情展示。', 1, NULL, 626, '2026-06-19 13:12:00'),
(120, 120, 'APPROVAL_RISK', 'mock', 'qwen-plus', '请处理演示任务 20', '来自种子脚本的模拟请求内容。', '已生成模拟响应，用于验证 AI 日志列表和详情展示。', 1, NULL, 643, '2026-06-20 13:12:00');

COMMIT;
